#Version 6.4.1.1 ,,,,,,,,,,,,,,,,
#New best, Iteration, Feasible,Objective,Req 1,Req 2,[bienAtendidos1],[bienAtendidos2],[malAtendidos1],[malAtendidos2],[mu1],[mu2],[mu3],,,,
#, , , ,,,,,,,discrete (35 85 1), discrete (90 130 1), discrete (100 135 1),Media1,STD1,Media2,STD2
*,1,infeas,9825,0.56824825,0.55818707,159.3333333,482.3333333,122.3333333,388.6666667,35,90,100,0.56824825,,0.55818707,
*,2,,12530,1,1,290.6666667,877.6666667,0,0,60,110,118,0.784124125,0.30529459,0.779093535,0.312408919
,3,,13905,1,1,307.6666667,895.6666667,0,0,73,120,127,0.85608275,0.249271989,0.852729023,0.255080814
,4,,15175,1,1,307.6666667,894.6666667,0,0,85,130,135,0.892062062,0.215875875,0.889546767,0.220906465
,5,infeas,11200,0.898128228,0.911196258,267.6666667,776.6666667,32.33333333,77.33333333,48,100,109,0.893275296,0.186973674,0.893876666,0.191555449
,6,,13845,1,0.999267399,311,904.6666667,0,0.666666667,73,120,126,0.911062746,0.17281691,0.911441788,0.176652181
*,7,,11960,0.985017617,0.992978566,283,899.6666667,4.333333333,6.333333333,37,95,132,0.921627728,0.160216735,0.923089899,0.164178999
,8,infeas,12000,0.810378909,0.979809104,250.3333333,886.6666667,59.66666667,18.33333333,35,93,135,0.907721626,0.153458079,0.9301798,0.153317316
,9,infeas,11330,0.825597546,0.876800752,246.6666667,766.6666667,51.66666667,108,42,128,104,0.898596728,0.146133785,0.924248794,0.14451476
,10,infeas,12740,0.897435897,0.834323307,275.6666667,738.3333333,32.33333333,149.3333333,84,92,111,0.898480645,0.137776743,0.915256246,0.139185752
,11,,12845,0.970833333,1,279.6666667,904,8.333333333,0,41,128,130,0.905058162,0.132514485,0.922960223,0.13449264
,12,,13435,1,0.986661775,308,860.6666667,0,11.66666667,72,91,132,0.912969982,0.129286039,0.928268686,0.12954551
,13,infeas,12710,0.926259845,0.939251154,284.3333333,833.3333333,22.33333333,52.66666667,70,128,106,0.913992279,0.123836826,0.929113491,0.12406778
,14,infeas,11710,0.746749605,0.704897263,210.3333333,630.6666667,71.33333333,267.6666667,65,109,101,0.902046374,0.127097467,0.913098046,0.133415419
,15,infeas,11615,0.847137682,0.951750488,257.3333333,869,48,44.33333333,37,110,120,0.898385794,0.123292024,0.915674876,0.128949097
,16,infeas,11345,0.497803877,0.462777146,152.3333333,414,154,471.3333333,65,92,102,0.873349424,0.155616983,0.887368768,0.168342261
,17,,12590,0.996726825,0.999233545,305,862.3333333,1,0.666666667,54,128,116,0.880606919,0.153618084,0.893949049,0.165239293
,18,infeas,12635,0.880789375,0.886636461,269.6666667,776.6666667,37.33333333,100.3333333,71,128,104,0.880617055,0.149031439,0.893542794,0.160314926
,19,infeas,12785,0.963630813,0.830642337,303.6666667,750,11.33333333,153.3333333,85,92,111,0.8849862,0.146079292,0.890232244,0.156464962
*,20,,11695,0.980516898,0.989138577,302,878,6,9.666666667,41,94,125,0.889762735,0.143778828,0.89517756,0.153889307
*,21,,11605,0.977603964,0.997056659,282,891,6.333333333,2.666666667,43,94,122,0.893945651,0.141443156,0.900028946,0.151631387
*,22,,11590,0.988511068,0.990359653,300,865,3.666666667,8.333333333,44,94,121,0.898244079,0.139499012,0.904134887,0.149225029
,23,,11635,0.994461686,0.992276904,294.6666667,876.3333333,1.666666667,7,45,94,121,0.902427453,0.13776046,0.907967149,0.14694797
,24,infeas,12075,0.907011273,1,290,869.3333333,29.66666667,0,35,96,135,0.902618445,0.134735637,0.911801851,0.144940566
,25,,12050,0.958944266,0.998496806,287.6666667,891,12.33333333,1.333333333,35,95,135,0.904871478,0.132378971,0.915269649,0.142944341
,26,infeas,11495,0.834764086,0.767041806,241.6666667,679.6666667,47.66666667,210.6666667,63,92,106,0.90217504,0.130431072,0.909568578,0.143041318
,27,infeas,10160,0.642704727,0.667670455,196,582,110,287,37,95,102,0.892565029,0.137300617,0.900609388,0.147787264
,28,,13145,1,0.993181818,300,873.6666667,0,6,65,92,132,0.896401992,0.136255206,0.903915547,0.146076027
,29,infeas,11990,0.936847823,1,282,862.3333333,19.33333333,0,35,95,134,0.897796676,0.134010587,0.907228804,0.144549228
,30,,11965,0.986530178,0.999631676,294.3333333,903,4,0.333333333,37,100,130,0.900754459,0.132672611,0.910308899,0.143033527
*,31,,11535,0.984024901,0.99543379,300,861.6666667,5,4,44,99,118,0.903440602,0.131297235,0.913054864,0.141458074
,32,,11550,0.987873822,0.997014851,298.6666667,879.6666667,3.666666667,2.666666667,44,102,117,0.90607914,0.130021724,0.915678613,0.139947063
,33,,11535,0.971972279,0.998170509,300,904.6666667,8.666666667,1.666666667,39,96,123,0.908075902,0.128487042,0.918178368,0.138489541
,34,infeas,11155,0.660386945,0.636591868,204,539.6666667,101.3333333,321.3333333,57,94,104,0.900790933,0.133465562,0.909896412,0.144672898
,35,infeas,11395,0.495972222,0.48498572,145,407.3333333,149.6666667,443.6666667,65,94,102,0.889224684,0.148227449,0.897756106,0.15960325
,36,infeas,11105,0.867670178,0.830502583,252.3333333,730,38,153.3333333,55,98,103,0.888625948,0.146138731,0.895887953,0.157705522
,37,infeas,11675,0.922052284,0.980212447,276,892.3333333,23.33333333,18,41,110,118,0.889529362,0.144199478,0.898166993,0.156116459
,38,infeas,11490,0.934185974,0.958375635,273.3333333,871,19,41,39,111,116,0.890704536,0.142421847,0.899751431,0.154301761
,39,infeas,11500,0.496034528,0.496157513,152.3333333,441.3333333,155,442,54,118,102,0.880584792,0.154091379,0.889402869,0.165405854
,40,infeas,11600,0.933174061,0.950901208,269,813.6666667,20,44,49,107,112,0.881899524,0.152330133,0.890940328,0.163560791
,41,infeas,11380,0.692624993,0.722309226,204.6666667,628.3333333,93.66666667,243.6666667,42,130,104,0.877283072,0.153291012,0.886827374,0.16363649
,42,infeas,13315,0.912457912,0.913433908,272.3333333,832,26,80.33333333,84,115,111,0.878120568,0.15150732,0.887460863,0.161680737
*,43,,11525,0.992266372,0.99390681,307.3333333,889.3333333,2.333333333,5.666666667,43,98,119,0.880775122,0.15070149,0.88993635,0.160567026
,44,,11585,0.960888013,0.988257537,295,888,12,10.33333333,43,98,120,0.882595869,0.149427719,0.892170922,0.159379734
*,45,,11475,0.98779594,0.959195924,307.3333333,878.3333333,3.666666667,38,37,90,126,0.884933649,0.14855002,0.893660367,0.157874677
,46,infeas,11445,0.886922494,0.962942651,270.6666667,879,36.33333333,34.66666667,35,90,127,0.884976885,0.146890484,0.895166503,0.156444515
*,47,,11460,0.959385926,0.997849462,292,897.6666667,12.33333333,2,35,93,126,0.886560056,0.145689929,0.897351247,0.155457903
,48,infeas,11510,0.921870676,0.98093342,269.3333333,884,23,17,35,95,126,0.887295694,0.144221786,0.899092543,0.154267644
,49,infeas,11410,0.74770554,0.790248593,216.6666667,713,75.66666667,191.3333333,51,115,104,0.884446915,0.144098068,0.896871237,0.153442104
,50,infeas,10950,0.749600775,0.671839027,226.3333333,591.6666667,75,290.6666667,54,96,102,0.881749992,0.143889411,0.892370593,0.155166909
,51,infeas,12085,0.948315712,1,282.3333333,875,15.33333333,0,39,118,123,0.883055202,0.142747896,0.894480974,0.154344981
,52,infeas,11565,0.925156511,0.972231365,285.3333333,889.3333333,23,25.33333333,35,90,129,0.883864843,0.14146201,0.895976174,0.153204178
,53,infeas,11600,0.939634775,1,298.6666667,909,19.33333333,0,39,101,122,0.884917106,0.140304485,0.897938887,0.152395255
*,54,,11310,0.952440304,0.918327306,278.3333333,826.3333333,14.66666667,76.33333333,46,96,114,0.886167535,0.139277995,0.898316451,0.150976214
,55,infeas,11210,0.834889485,0.814725475,251.6666667,734.3333333,51.33333333,166.3333333,47,95,112,0.885235207,0.138155488,0.896796615,0.149995847
,56,,11510,0.986395984,0.98481999,300,878.3333333,4.333333333,13.66666667,47,95,117,0.88704165,0.137559604,0.898368461,0.149090727
,57,infeas,11610,0.947883198,0.95372852,272.6666667,837.3333333,15.33333333,41.33333333,53,117,105,0.888109045,0.13656384,0.89933969,0.147935401
,58,infeas,11375,0.886452473,0.899123991,260,785,33.66666667,87,54,113,102,0.888080484,0.135360785,0.899335971,0.146631983
,59,infeas,11385,0.76232144,0.723329174,236.6666667,629.6666667,71.66666667,242.3333333,57,108,102,0.885948974,0.135183923,0.896352805,0.147157365
*,60,,11160,0.978812822,0.983388704,304,867.6666667,6.666666667,15,39,105,113,0.887496705,0.134568498,0.897803403,0.146336958
,61,infeas,11025,0.782525997,0.839714536,245.3333333,755,68.66666667,149.6666667,39,102,112,0.885775874,0.134117509,0.896851127,0.145302834
,62,infeas,11570,0.923324005,0.955005935,271.6666667,832.3333333,22.66666667,40.66666667,47,107,113,0.886381489,0.133099093,0.897789107,0.144296044
,63,infeas,11190,0.944919306,0.903145534,284.6666667,772.3333333,16.33333333,83.66666667,58,96,103,0.887310661,0.132227186,0.89787413,0.143129227
,64,,11365,0.973195787,0.985603266,297.3333333,868.3333333,8.333333333,12.33333333,50,103,109,0.888652616,0.131612151,0.899244898,0.142411578
,65,,12530,0.996855346,1,295.6666667,886,1,0,42,128,124,0.890317273,0.131267766,0.900794976,0.1418462
,66,,13940,1,0.983797718,310.6666667,898,0,15,84,92,131,0.891979133,0.130951929,0.902052594,0.141121176
,67,infeas,11185,0.906717834,0.893858424,281.6666667,814.6666667,28.66666667,99.66666667,39,106,113,0.892199113,0.129968557,0.901930293,0.140051574
,68,infeas,11085,0.732623341,0.760971991,223.6666667,710,81.66666667,224,39,102,113,0.889852411,0.130438437,0.899857376,0.140049581
,69,infeas,11100,0.924226391,0.972918572,280,852.3333333,23,23.66666667,39,105,112,0.890350584,0.12954189,0.900916234,0.139293959
,70,,12265,0.981797497,1,289,894,5.333333333,0,39,130,121,0.891656969,0.129063402,0.902331717,0.138787097
,71,infeas,11380,0.771385072,0.799012563,234,716.6666667,73.33333333,187,45,103,113,0.889962998,0.128930743,0.900876517,0.138336687
,72,infeas,11200,0.889373057,0.894728119,274.6666667,802,34,95.33333333,41,103,113,0.889954805,0.128019579,0.900791123,0.137360941
,73,infeas,10990,0.829495528,0.87521017,250.6666667,807,53.66666667,114.6666667,42,100,110,0.889126596,0.127324234,0.900440699,0.136436565
,74,infeas,11000,0.921625608,0.946062906,290.6666667,849.6666667,25.33333333,47.66666667,39,101,112,0.889565771,0.126505567,0.901057215,0.135602596
,75,infeas,11180,0.907120542,0.948110947,268.3333333,868.3333333,27,48.33333333,43,101,112,0.889799835,0.125664242,0.901684598,0.134792794
,76,infeas,11295,0.82417952,0.786712811,243.6666667,706.6666667,52,193,55,96,107,0.88893641,0.125050416,0.900171812,0.134539104
,77,infeas,11190,0.730736715,0.723807889,224.3333333,624,82,239.6666667,54,96,106,0.886881868,0.125526397,0.897881371,0.135153815
,78,infeas,11250,0.945739469,0.933184746,289.3333333,830,17,59.33333333,46,96,113,0.887636453,0.124886567,0.898333978,0.134332811
,79,infeas,11205,0.892472199,0.87899017,276.3333333,769.6666667,33.66666667,108.3333333,46,99,111,0.887697665,0.124084623,0.89808912,0.133486668
,80,infeas,11820,0.905969562,0.99586155,271.6666667,880.3333333,27.33333333,3.666666667,35,129,117,0.887926064,0.123313698,0.899311275,0.133088808
,81,infeas,12500,0.836739287,0.795859718,246.3333333,701,49,178.3333333,85,107,100,0.887294128,0.122672477,0.898034096,0.132752963
,82,infeas,11135,0.926725205,0.943825913,291,819,23.66666667,47.33333333,39,104,113,0.887774995,0.121990628,0.898592533,0.132027833
,83,infeas,12145,0.866479097,0.944449558,258.6666667,857.3333333,41,52,39,130,119,0.887518418,0.121267032,0.899145027,0.131316819
,84,infeas,11075,0.943718429,0.974167577,274.6666667,865.3333333,16.66666667,22.66666667,39,104,112,0.888187466,0.120690167,0.900038152,0.130779781
*,85,,11045,0.989013197,0.985485413,296.6666667,866,3.333333333,12.66666667,40,101,112,0.889373651,0.120467043,0.901043414,0.130328956
,86,infeas,11090,0.867162027,0.897380258,258.3333333,802,40.66666667,92.33333333,41,101,112,0.889115376,0.119780266,0.901000819,0.129560649
,87,infeas,11030,0.82733913,0.865075749,258.6666667,775.6666667,55,123,41,101,111,0.888405304,0.119265873,0.900587888,0.12886276
,88,infeas,10945,0.807720058,0.873732511,236.6666667,807,59,117.6666667,41,100,110,0.887488426,0.118889985,0.900282713,0.128152009
,89,infeas,11095,0.903905445,0.972423523,278,877,29.66666667,25,40,103,112,0.887672887,0.118225352,0.901093284,0.127651041
,90,infeas,10915,0.628431948,0.676548868,182,582.6666667,117.6666667,272.3333333,37,130,100,0.884792432,0.120693488,0.898598346,0.129119809
,91,infeas,12675,0.444615414,0.445654352,130.3333333,391.3333333,163.3333333,467.3333333,85,114,100,0.879955322,0.128585567,0.893620939,0.136898385
,92,infeas,11545,0.94618192,1,283.6666667,886.3333333,16,0,35,106,122,0.880675177,0.12806337,0.894777233,0.136595119
,93,infeas,11070,0.829242866,0.868277975,254,784,52.66666667,120,40,102,112,0.880122141,0.127477085,0.894492295,0.135878513
,94,infeas,11005,0.935197114,0.971839782,274.6666667,882,18.66666667,26,41,100,111,0.880708045,0.126917061,0.895315141,0.135381272
,95,,11115,0.955550706,0.944551942,284.6666667,839.3333333,13,49,41,102,112,0.881495862,0.126473482,0.895833423,0.134753952
,96,infeas,10825,0.577552206,0.592520188,168.6666667,496,121.3333333,358.6666667,35,130,100,0.878329783,0.129574215,0.89267391,0.137571095
,97,infeas,12315,0.778697643,0.662686763,232.3333333,573.6666667,69.66666667,308,85,90,104,0.877302647,0.129293939,0.890302909,0.138830697
,98,infeas,11130,0.91576682,0.928315787,282.3333333,823,26.33333333,63.66666667,40,102,113,0.877695139,0.12868442,0.890690795,0.138166589
,99,infeas,10985,0.827646757,0.885074387,267.3333333,788,53.66666667,103.3333333,40,101,111,0.8771896,0.128124959,0.890634064,0.137461009
,100,,11065,0.957432507,0.980544718,285.3333333,914,13,18.33333333,41,100,112,0.877992029,0.127728525,0.89153317,0.137060222
,101,,11245,0.959634769,0.997747748,291,880.6666667,12.33333333,2,35,106,117,0.878800373,0.127347657,0.8925848,0.136782118
,102,infeas,11045,0.847770549,0.925517986,262.6666667,830.6666667,47.66666667,67,39,110,109,0.878496159,0.126752897,0.892907674,0.136142352
,103,infeas,11125,0.863943869,0.892399339,266.3333333,794.6666667,43,97,40,109,110,0.878354874,0.126138179,0.892902739,0.135473353
,104,infeas,10670,0.483685416,0.516302011,141,441,154,414.3333333,38,116,101,0.874559976,0.13135485,0.889281578,0.139780458
,105,infeas,10665,0.543158134,0.605628244,165,528.3333333,135.6666667,355.3333333,37,120,100,0.871403768,0.134663154,0.886580118,0.141834353
,106,infeas,10990,0.878435862,0.938952475,262.3333333,838.6666667,37.66666667,54.66666667,40,106,109,0.871470108,0.134022107,0.887074196,0.141248963
,107,infeas,11230,0.735202894,0.801871288,219.6666667,689.6666667,81,168.6666667,44,130,100,0.870196583,0.134037356,0.886277908,0.140822214
,108,infeas,12135,0.783614165,0.668852151,244.3333333,576,67,281.6666667,85,90,101,0.869394894,0.133669437,0.884264706,0.141715498
,109,infeas,11020,0.916085522,0.926618956,279.3333333,830,26,66,40,100,112,0.869823248,0.133124297,0.884653277,0.141116206
,110,,11140,0.959608304,0.959489445,303.3333333,859,13,36.66666667,40,100,114,0.870639476,0.132788462,0.885333606,0.140648504
,111,infeas,11000,0.867759538,0.907546296,269.3333333,810.6666667,40.66666667,83,40,104,110,0.870613531,0.132183783,0.88553372,0.140023606
,112,,11190,0.980785788,0.983967678,296.6666667,867.3333333,5.666666667,14.33333333,40,90,119,0.871597211,0.131998168,0.886412595,0.139701415
,113,infeas,10920,0.889181078,0.912895327,259.6666667,831,33.66666667,78.33333333,39,105,109,0.871752821,0.13141798,0.886646955,0.139098661
,114,infeas,10910,0.698654253,0.796004101,218.3333333,706,95.66666667,183,39,107,108,0.870234412,0.131835814,0.885851843,0.138741788
,115,infeas,10875,0.920322946,0.961333791,283,835.6666667,24.33333333,34,39,108,107,0.870669965,0.131339392,0.886508207,0.138311149
,116,infeas,10835,0.858376999,0.926556856,250.6666667,822,41,65,40,107,106,0.870563991,0.130772086,0.886853454,0.137758677
,117,infeas,10640,0.80580011,0.848705554,246.6666667,733,59,127.6666667,37,119,100,0.870010454,0.130344782,0.886527404,0.137208937
,118,infeas,10570,0.648709925,0.730306749,195.6666667,630,105.3333333,235,38,112,101,0.868135025,0.131375736,0.8852035,0.137376145
,119,infeas,10705,0.824132678,0.881226023,246.6666667,774,53.66666667,103,38,115,102,0.867765258,0.130880048,0.885170076,0.13679329
,120,infeas,10900,0.700304362,0.781907004,208.6666667,698,88,194.6666667,39,109,107,0.86636975,0.131222459,0.88430955,0.136543098
,121,infeas,10980,0.382878621,0.443624656,115,379.6666667,184.3333333,469.6666667,39,129,100,0.862373956,0.137868671,0.880667526,0.141752022
,122,infeas,12305,0.629233645,0.580547109,187,490.3333333,108.6666667,353,84,101,100,0.86046297,0.138910796,0.878207523,0.143756286
,123,infeas,10975,0.903522256,0.981756711,275.3333333,866,29,16.33333333,40,103,110,0.860813045,0.138394789,0.879049386,0.143470038
,124,infeas,10970,0.930999001,0.942442601,286.6666667,806,22.33333333,51.66666667,40,98,112,0.861379061,0.137975098,0.879560622,0.142998999
,125,infeas,11005,0.873230473,0.869216026,270.6666667,770.6666667,39.66666667,119.3333333,40,97,113,0.861473872,0.137421709,0.879477865,0.142424229
,126,infeas,10960,0.786886097,0.893912804,236.3333333,798,64,95.66666667,39,109,108,0.860881906,0.137032119,0.879592428,0.141859217
,127,infeas,10745,0.772959521,0.763728653,238,664,73.33333333,203.3333333,40,101,107,0.860189603,0.13671006,0.878680115,0.141668722
,128,infeas,11200,0.937633763,0.998509527,281,892,19.33333333,1.333333333,39,109,112,0.860794636,0.136342708,0.879616282,0.141506804
,129,,11235,0.960313355,0.924209263,290,837.6666667,12.66666667,68.66666667,41,90,119,0.861566099,0.13609144,0.879961964,0.14100763
,130,infeas,10905,0.91863367,0.955315315,278.6666667,851.6666667,26,41.33333333,39,102,110,0.86200508,0.135655294,0.880541605,0.140615421
,131,infeas,10785,0.891571344,0.889864289,281.6666667,787,34,98.33333333,39,102,108,0.862230777,0.135157224,0.880612771,0.140075916
,132,infeas,11055,0.798493979,0.837579307,262,717.3333333,67,138.6666667,39,108,110,0.861747922,0.134754608,0.88028676,0.139590512
,133,infeas,10840,0.76897091,0.906777122,238,822.6666667,71.33333333,83.66666667,39,109,106,0.861050351,0.134484038,0.880485935,0.139079725
,134,infeas,10780,0.839058529,0.87376448,258,770,49.66666667,113.3333333,39,109,105,0.860886233,0.133990974,0.880435775,0.138557099
,135,infeas,10845,0.651066624,0.700130231,181.6666667,603.3333333,108,261.3333333,39,114,104,0.859332013,0.134705994,0.879100179,0.13890866
,136,infeas,10680,0.483978252,0.582713518,148,506.3333333,160.6666667,362.6666667,38,114,102,0.856572059,0.13801178,0.876920865,0.140707515
,137,infeas,10755,0.52415074,0.730822087,163.3333333,627.6666667,147.3333333,236,38,117,102,0.854145626,0.140405826,0.875854451,0.140743841
,138,infeas,10725,0.61263388,0.75084268,193,653.3333333,125.3333333,214,38,111,104,0.852395541,0.14139507,0.874948568,0.140632446
,139,infeas,10800,0.629905655,0.820350383,196,696.6666667,120.3333333,152,35,129,100,0.850794895,0.142140142,0.874555776,0.140198486
,140,infeas,12400,0.546493325,0.518394736,170.3333333,447,138,418,85,103,100,0.848621312,0.143944063,0.872011768,0.142899561
,141,infeas,11035,0.944231788,0.932199732,287.6666667,824.3333333,17,60,40,103,111,0.8492994,0.143654886,0.872438633,0.14247848
,142,infeas,11090,0.933890652,0.994898224,285,899.3333333,21,4.666666667,40,98,114,0.849895113,0.143320476,0.873301025,0.142343785
*,143,,10995,0.964344796,0.97697257,300.3333333,869,11,20.66666667,40,99,112,0.850695461,0.143135268,0.874026,0.142106383
,144,infeas,10805,0.820825403,0.85325249,248.3333333,764,54.66666667,132.3333333,39,110,105,0.85048803,0.142655635,0.87388174,0.141619216
,145,infeas,10565,0.679451744,0.649233017,205,586.3333333,93.66666667,314,40,101,104,0.849308469,0.142867261,0.872332438,0.142354393
,146,,11205,0.960613574,0.998247459,292.6666667,915.6666667,12.66666667,1.666666667,38,111,112,0.850070833,0.142671452,0.87319487,0.142244892
,147,,11400,0.954844729,0.953660382,284,871.3333333,13.33333333,42.33333333,42,90,121,0.850783581,0.142444381,0.873742254,0.141912186
,148,infeas,10965,0.87741749,0.921595984,267.3333333,815.6666667,37.66666667,72.33333333,40,105,109,0.850963539,0.14197593,0.87406559,0.141483359
,149,infeas,10930,0.860116286,0.883527327,259,791.3333333,43.33333333,105.6666667,39,103,110,0.851024967,0.141497456,0.874129092,0.141006695
,150,infeas,11015,0.757315828,0.811499776,230,716,74.66666667,170,40,107,109,0.85040024,0.141229246,0.873711563,0.140625728
,151,infeas,10715,0.731370211,0.799829586,219.6666667,719,79.33333333,180.6666667,38,113,103,0.849611961,0.1410906,0.873222279,0.140285093
,152,infeas,10690,0.745614503,0.814444324,214.6666667,717.3333333,75.33333333,164.3333333,38,112,103,0.848927768,0.140875407,0.872835582,0.139901058
,153,infeas,10790,0.899546107,0.96643253,261.6666667,840.3333333,29.33333333,29.33333333,38,116,103,0.849258606,0.140470858,0.873447326,0.139645259
,154,infeas,10740,0.495181606,0.563555608,151.6666667,489,156.3333333,395.6666667,38,114,103,0.846959405,0.142888728,0.871435042,0.14141051
,155,infeas,10830,0.814429115,0.860862946,233.6666667,764,53,123.3333333,39,111,105,0.846749532,0.142448013,0.871366835,0.140953195
,156,infeas,10775,0.390386383,0.410983453,116.3333333,358.3333333,179,508.3333333,35,128,100,0.843824127,0.146613679,0.86841566,0.145252525
,157,infeas,12090,0.740189941,0.697387608,222,599.3333333,79.66666667,263.3333333,84,90,101,0.843164037,0.146376866,0.867326309,0.145428196
,158,infeas,10950,0.90276807,0.930498453,277.6666667,847.3333333,29.66666667,64.33333333,40,102,110,0.843541278,0.145986983,0.867726133,0.145051399
,159,infeas,10980,0.880274117,0.940255921,268.3333333,830.6666667,37,54.66666667,40,96,113,0.843772302,0.14555342,0.868182295,0.144706012
,160,infeas,11000,0.906235342,0.918747579,259,832.6666667,27,75.66666667,40,92,115,0.844162696,0.145178991,0.868498328,0.144305624
,161,infeas,10925,0.934268081,0.988176964,291.6666667,865.6666667,21.33333333,10.33333333,39,110,107,0.844722357,0.144898713,0.869241674,0.144162842
,162,,11115,0.975827002,0.965831065,294.6666667,860,7.333333333,30.33333333,41,90,117,0.845531645,0.144814815,0.869837905,0.143914655
,163,infeas,10900,0.776055938,0.754368597,241.6666667,686.3333333,69.66666667,222,40,100,110,0.845105413,0.144469688,0.869129504,0.143754577
,164,infeas,10855,0.450328184,0.502230786,133.3333333,448.3333333,162.6666667,443,39,112,105,0.842698235,0.147287963,0.866892317,0.146148616
,165,infeas,10770,0.567000369,0.644929406,171.3333333,569,129,312.6666667,39,111,104,0.841027339,0.148398543,0.865547087,0.146723443
,166,infeas,10765,0.904864096,0.920712205,250.6666667,807,26,73,38,115,103,0.841411898,0.148031108,0.865879407,0.1463408
,167,infeas,10750,0.61856006,0.713027949,190.6666667,632.3333333,117.6666667,253.6666667,35,127,100,0.840077456,0.148588642,0.864964129,0.146378009
,168,infeas,12105,0.660662706,0.563520283,197.3333333,491.6666667,101.3333333,383,83,90,102,0.839009511,0.148788382,0.86316982,0.147780589
,169,infeas,10865,0.864164001,0.93609345,263.6666667,843.3333333,43,59,40,101,109,0.839158354,0.148357517,0.863601321,0.147446853
,170,infeas,11150,0.922698545,0.926882887,285.3333333,833.3333333,24,65.66666667,40,98,115,0.839649767,0.148056642,0.863973565,0.147090068
,171,,11055,0.99776472,0.995845656,289.6666667,876.3333333,0.666666667,3.666666667,41,90,116,0.840574415,0.148114903,0.864744747,0.147003122
,172,infeas,10775,0.912024246,0.974881328,275,865.6666667,26.66666667,23,38,113,104,0.840989821,0.147781638,0.865385076,0.146813037
,173,infeas,10890,0.848655794,0.918119496,250,816.3333333,47.66666667,72.66666667,40,102,109,0.841034133,0.147352567,0.865689899,0.146440527
,174,infeas,10800,0.840179062,0.906237923,245,782.6666667,46.33333333,85,38,114,104,0.841029219,0.146926089,0.865922934,0.146049028
,175,infeas,10635,0.45072827,0.485715117,129.6666667,446.6666667,169.6666667,454.3333333,39,108,103,0.838798928,0.149444624,0.863750318,0.148437786
,176,infeas,10745,0.817446937,0.897375219,247.6666667,780.6666667,55,88.33333333,39,110,104,0.83867761,0.149025719,0.863941368,0.14803477
,177,infeas,10790,0.839760324,0.875631658,250,756,50.33333333,106,39,107,106,0.838683727,0.14860177,0.864007415,0.147616232
,178,infeas,10850,0.717812677,0.778757154,220.6666667,686,90,196.6666667,39,107,107,0.838004676,0.148458088,0.863528481,0.147337269
,179,infeas,10725,0.657182242,0.863072949,192.6666667,732.6666667,104,116.6666667,35,126,100,0.836994495,0.14865614,0.863525936,0.146922821
,180,infeas,12195,0.83391002,0.711986194,237.6666667,631.3333333,50,252.3333333,85,90,102,0.836977359,0.148240496,0.862684049,0.146946592
,181,infeas,10915,0.940866765,0.881488585,276,789.3333333,17,105.3333333,41,94,112,0.837551334,0.148029693,0.862787941,0.146544504
,182,infeas,10860,0.859566494,0.8373153,252.3333333,749.3333333,41,146.6666667,39,105,108,0.837672296,0.147629224,0.862647982,0.146151322
,183,infeas,10650,0.733277169,0.812105832,215.6666667,752.6666667,78.33333333,178,39,99,107,0.837101831,0.147425209,0.862371795,0.145797134
,184,infeas,11195,0.907615972,0.970827475,281.3333333,865.6666667,29,26.33333333,40,107,112,0.83748506,0.147113729,0.862961228,0.145617905
,185,,11175,0.980966673,0.995141741,294.6666667,898.3333333,6,4.333333333,41,90,118,0.838260636,0.147092176,0.863675717,0.145546465
,186,infeas,10840,0.81941955,0.884307471,249.3333333,787,57,105.6666667,40,100,109,0.83815934,0.146700596,0.863786641,0.145160446
*,187,,10805,0.953093196,0.975491907,281.3333333,863.3333333,13.33333333,22,40,101,108,0.83877396,0.146546923,0.864383995,0.144999982
,188,infeas,10730,0.579899166,0.651367101,177.6666667,582.6666667,129,315,39,107,105,0.837396966,0.147369009,0.863250927,0.145443888
,189,infeas,10720,0.854314249,0.888911468,261,774.3333333,46.66666667,98,39,109,104,0.837486475,0.146981698,0.863386697,0.145068561
,190,infeas,10765,0.709567751,0.793995811,204,716.3333333,84,189,39,106,106,0.836813219,0.146885795,0.863021481,0.144771826
,191,infeas,10675,0.72133397,0.774146616,211.6666667,672.3333333,81,194.6666667,35,124,100,0.836208616,0.146736843,0.862556168,0.144533478
,192,infeas,12030,0.645894226,0.587487531,192.6666667,496.6666667,104.6666667,351.3333333,84,90,100,0.835217395,0.146995283,0.861123519,0.145515057
,193,infeas,10830,0.871124382,0.897251535,260,790,38,88.66666667,40,102,108,0.835403441,0.146634764,0.861310711,0.145158913
*,194,,10790,0.975487619,0.993205719,291,863,7.333333333,6,40,98,109,0.836125525,0.14659979,0.861990582,0.145091712
,195,infeas,10765,0.818095783,0.843254262,245.3333333,734.6666667,54.33333333,137.6666667,40,97,109,0.836033065,0.146227168,0.861894498,0.144723501
,196,infeas,10800,0.880408806,0.935817589,269,835,36.33333333,56.33333333,39,105,107,0.836259471,0.145886183,0.862271657,0.144448478
,197,infeas,10685,0.783678393,0.820419658,240.3333333,715.3333333,67.33333333,157,40,101,106,0.835992562,0.145561764,0.86205921,0.144110368
,198,infeas,10885,0.681006866,0.71212885,209.3333333,645,98.33333333,260.3333333,39,106,108,0.835209806,0.145609026,0.861301986,0.144138506
,199,infeas,10860,0.933379249,0.897803771,275.6666667,797,19.33333333,90.66666667,42,90,112,0.83570312,0.145407483,0.861485412,0.143797341
,200,infeas,10770,0.815096952,0.860670745,248.3333333,758.6666667,55.66666667,123.3333333,40,102,107,0.835600089,0.145048996,0.861481339,0.143435598
,201,infeas,10775,0.794531727,0.802539373,245,737,63.33333333,178.3333333,39,104,107,0.835395769,0.144714914,0.861188095,0.143136949
,202,infeas,10625,0.567879218,0.686197852,167,590.3333333,135,271.6666667,35,122,100,0.83407143,0.145576433,0.860321807,0.143310317
,203,infeas,11985,0.778465063,0.697426601,231.3333333,597.6666667,65.66666667,255,83,90,100,0.833797507,0.145268085,0.859519367,0.143411603
,204,infeas,10815,0.832649884,0.905941319,246,810.3333333,52.33333333,83.33333333,40,99,109,0.833791881,0.144909862,0.859746926,0.143094853
,205,infeas,10795,0.842318652,0.799395269,257.3333333,709.6666667,50,183.3333333,41,94,110,0.833833475,0.144555481,0.859452528,0.142805921
,206,infeas,10810,0.880603896,0.912026172,262.3333333,803.3333333,35.33333333,78.33333333,39,103,108,0.834060516,0.14423929,0.85970774,0.142504273
,207,infeas,10670,0.912357099,0.93105832,267.6666667,806.6666667,26,61.66666667,40,98,107,0.83443876,0.143991642,0.860052428,0.142244444
,208,infeas,10895,0.708603055,0.767445968,217.6666667,687.3333333,90,208.3333333,39,104,109,0.833833781,0.143908161,0.859607205,0.142045648
,209,infeas,10815,0.916223813,0.917597571,272.3333333,815,24.66666667,72.66666667,41,90,112,0.834227992,0.143674885,0.859884671,0.141760544
,210,infeas,10730,0.716635467,0.708327805,215.3333333,639.6666667,85,264.6666667,40,98,108,0.833668027,0.143560275,0.859162971,0.141807182
,211,infeas,10750,0.726276743,0.765031319,228.6666667,672.3333333,85,214.3333333,39,103,107,0.833159064,0.143408751,0.85871685,0.141617487
,212,infeas,10780,0.948977189,0.975887804,283.6666667,818,15.33333333,19.66666667,40,100,108,0.833705376,0.143289474,0.859269543,0.141510503
,213,infeas,10720,0.783637728,0.801222874,239.6666667,725.3333333,64.66666667,180.3333333,40,100,107,0.833470316,0.142992285,0.858997023,0.141232371
,214,infeas,10600,0.414813266,0.524980756,122,447.6666667,174,403.6666667,35,121,100,0.831513975,0.145498575,0.8574362,0.142738492
,215,infeas,11940,0.699010083,0.633658762,206.3333333,539,90,313,82,90,100,0.830897678,0.145439241,0.856395375,0.143220053
,216,infeas,10825,0.75239657,0.852210456,231.6666667,757,79,131.6666667,40,97,110,0.830534247,0.145198893,0.856376,0.142886878
,217,,11070,0.97165826,0.995472369,296,871.3333333,8.666666667,4,40,90,117,0.831184588,0.145178828,0.857016997,0.142868117
,218,infeas,10755,0.768848471,0.867305368,236,762.6666667,72,115.6666667,40,99,108,0.830898642,0.144905446,0.857064191,0.142540251
,219,infeas,10700,0.493781615,0.533108282,147,475.6666667,153.6666667,423.6666667,39,101,107,0.829359295,0.146356445,0.855584941,0.143887923
,220,infeas,10525,0.600390161,0.697233452,176.3333333,616,115.3333333,271.6666667,35,118,100,0.828318526,0.146835636,0.854865161,0.143955462
,221,infeas,11895,0.695188228,0.601186153,207.3333333,529.3333333,90.33333333,350.3333333,81,90,100,0.827716127,0.146774992,0.853717292,0.144638062
,222,infeas,10850,0.835439476,0.87103326,249.3333333,777.6666667,49.66666667,116,40,98,110,0.827750917,0.146443463,0.853795292,0.144315135
,223,infeas,10675,0.786023251,0.877083873,241.6666667,784.6666667,66.33333333,110,39,100,107,0.827563797,0.14613998,0.853899725,0.143998179
,224,infeas,10625,0.853739381,0.886765722,251,791.6666667,41.33333333,102,39,98,107,0.827680652,0.145822432,0.854046448,0.143691732
,225,,11025,0.983071149,0.968532748,291.3333333,867.3333333,5.333333333,28.66666667,43,90,114,0.828371277,0.145864899,0.854555276,0.143573647
,226,infeas,10610,0.797648515,0.822582154,236.3333333,735.3333333,62.33333333,156.6666667,40,98,106,0.828235335,0.145554741,0.854413802,0.143270026
,227,infeas,10755,0.683134055,0.78844256,214.3333333,688.6666667,101.6666667,184.3333333,38,105,107,0.827596123,0.145551328,0.85412318,0.143019749
,228,infeas,10730,0.783637163,0.799600535,229,690.6666667,63,173.6666667,38,104,107,0.82740332,0.145259553,0.853884046,0.142750056
,229,infeas,10575,0.882754337,0.95801548,265.6666667,824.6666667,36.33333333,37.33333333,36,111,103,0.827645028,0.144986796,0.854338768,0.142602784
,230,infeas,10715,0.831507792,0.860448793,244,769.3333333,50.33333333,127.6666667,39,104,106,0.827661822,0.144670109,0.854365334,0.142291654
,231,infeas,10475,0.301628862,0.401854367,88.66666667,345.6666667,206.6666667,513.6666667,35,116,100,0.825384623,0.148446369,0.852406412,0.145070046
,232,infeas,11850,0.499197727,0.384400358,149.3333333,335,144.3333333,534.3333333,80,90,100,0.823978645,0.149664762,0.850389144,0.147980764
,233,infeas,10715,0.933814188,0.936731188,282,839,20,56.66666667,40,95,109,0.824450043,0.149515107,0.850759711,0.147769796
*,234,,10665,0.960164378,0.981106106,281,868.3333333,11.66666667,17,39,102,106,0.825030018,0.149457469,0.851316747,0.147698354
,235,infeas,10690,0.724490719,0.812506311,219,709.6666667,83.66666667,164.6666667,39,103,106,0.824602192,0.149281911,0.851151596,0.147404165
,236,infeas,10565,0.739571102,0.797593638,216,714.3333333,77,179.3333333,39,98,106,0.82424189,0.149066749,0.850924655,0.147131515
,237,infeas,10940,0.862165824,0.925238019,259.6666667,842,41.66666667,67.66666667,40,104,109,0.824401907,0.148770991,0.851238214,0.146898798
,238,infeas,10875,0.85600549,0.877458645,258.3333333,794.6666667,45.33333333,111,41,90,113,0.824534695,0.14847093,0.851348384,0.14659841
,239,infeas,10795,0.921367521,0.961339831,270.3333333,851.6666667,24,35.33333333,39,100,109,0.824939853,0.148291029,0.851808599,0.146463015
,240,infeas,10635,0.809284006,0.853278195,236.6666667,761,54.33333333,135.3333333,38,105,105,0.824874621,0.147983922,0.851814722,0.146156317
,241,infeas,10605,0.433738759,0.562711996,136.6666667,501,175,387.6666667,37,108,104,0.82325165,0.1498092,0.850615126,0.147035603
,242,infeas,10670,0.563248214,0.586617298,172.3333333,516,133.3333333,364.3333333,38,104,106,0.822177256,0.150429448,0.849524226,0.14770835
,243,infeas,10350,0.598611202,0.784272828,179.6666667,689.6666667,120.3333333,190.6666667,35,111,100,0.821257231,0.150801847,0.849255702,0.147462274
,244,infeas,11760,0.361324743,0.309664719,108.3333333,269.3333333,191.3333333,599,78,90,100,0.819372262,0.153344613,0.847044263,0.151158553
,245,infeas,10725,0.595279898,0.609599581,182.3333333,538.6666667,123.6666667,345.6666667,39,102,107,0.818457599,0.153698302,0.846075101,0.151609325
,246,infeas,10660,0.710568952,0.758648124,219.3333333,677.6666667,88.33333333,217.6666667,40,100,106,0.818019027,0.153538477,0.845719707,0.151402248
,247,infeas,10580,0.610155057,0.754419814,192.6666667,657,122.6666667,214,37,107,104,0.817177473,0.153795849,0.845350072,0.151205843
,248,infeas,10785,0.79450934,0.823733762,238,722.3333333,60,160.3333333,43,90,110,0.817086069,0.153490955,0.845262909,0.15090569
,249,infeas,10660,0.665333403,0.716348456,203.3333333,630.3333333,102.3333333,252.6666667,38,106,105,0.816476621,0.153482771,0.844745181,0.150822563
,250,infeas,10640,0.699672584,0.75362668,213,671,91.66666667,217.6666667,37,107,105,0.816009405,0.153352298,0.844380707,0.15062968
,251,infeas,10585,0.630081149,0.672776347,192.3333333,588,110.3333333,287,38,103,105,0.815268654,0.15349458,0.843697024,0.150717837
,252,infeas,10615,0.8258508,0.869905501,243.6666667,771,52.66666667,114,39,100,106,0.815310647,0.153189959,0.843801026,0.150426363
,253,infeas,10325,0.369529578,0.454007215,113.6666667,387.3333333,189.3333333,458.3333333,35,110,100,0.813548667,0.155433257,0.842260339,0.152114584
,254,infeas,11670,0.496087055,0.484766488,144.6666667,416.3333333,145.6666667,443,76,90,100,0.812298818,0.156399439,0.840852883,0.153461871
,255,infeas,10640,0.679188262,0.71667896,202,627,97,251.3333333,39,101,106,0.811776816,0.156313678,0.840365926,0.153356755
,256,infeas,11365,0.935041327,0.982705086,282.3333333,850,19.66666667,15,39,130,106,0.812258318,0.156196987,0.840921938,0.153314083
,257,infeas,10645,0.718967107,0.787435238,214.3333333,694.6666667,84.33333333,189.3333333,38,103,106,0.811895317,0.156000195,0.840713819,0.153050719
,258,infeas,10610,0.630770358,0.718514524,193.6666667,647.3333333,113.3333333,254.3333333,38,104,105,0.811193282,0.156104209,0.840240178,0.152941999
,259,infeas,10150,0.421577417,0.546547105,126,481.3333333,172.6666667,397.3333333,35,103,100,0.809688974,0.157671097,0.839106228,0.153732315
,260,infeas,11625,0.745305338,0.556801676,221,484.3333333,75.66666667,386.6666667,75,90,100,0.809441344,0.157417066,0.838020441,0.154430883
,261,infeas,10605,0.727594663,0.768116954,223.3333333,694.6666667,83.33333333,211,39,102,105,0.809127755,0.157195708,0.837752612,0.154194336
,262,infeas,10995,0.890060169,0.875012287,266.6666667,773.6666667,35,111.6666667,45,90,112,0.809436658,0.15697393,0.837894825,0.153915876
,263,infeas,10540,0.278368991,0.30078658,85.66666667,262.3333333,221.3333333,620.3333333,37,103,105,0.807417389,0.160059783,0.835852588,0.157151451
,264,infeas,10555,0.625573829,0.736964342,199,646,116.6666667,238.3333333,37,106,104,0.806728588,0.160146736,0.835478011,0.156970432
,265,infeas,10050,0.773698674,0.801887187,226,690,68.33333333,169.6666667,35,99,100,0.806603947,0.159856018,0.835351253,0.156686446
,266,infeas,11490,0.637733597,0.488634448,183.3333333,427.3333333,109.6666667,439,72,90,100,0.805969096,0.159889724,0.834047807,0.157828784
,267,infeas,10630,0.818281918,0.831781798,262.3333333,723,56.33333333,150,39,103,105,0.806015211,0.159590675,0.83403932,0.157531895
,268,infeas,10530,0.818353838,0.847012849,232.6666667,729.6666667,52.33333333,132.3333333,37,105,104,0.806061251,0.159293319,0.834087728,0.157238612
,269,infeas,10620,0.808220714,0.92601753,252.3333333,833,59.66666667,67.66666667,38,102,106,0.806069278,0.158995907,0.834429475,0.157045039
,270,infeas,10600,0.828922494,0.884855582,241.3333333,778.3333333,50.33333333,106,38,106,104,0.80615392,0.158706195,0.834616238,0.156782899
,271,infeas,10425,0.470218898,0.58580725,147,515,164.3333333,370.3333333,36,105,103,0.804914307,0.159721,0.833698124,0.157220457
,272,infeas,10480,0.721821095,0.784107717,221.6666667,686.3333333,85.66666667,191.3333333,37,103,104,0.804608818,0.159505631,0.833515806,0.156958918
,273,infeas,10500,0.825796884,0.90937962,252,777.3333333,54,78,38,102,104,0.80468643,0.159217316,0.833793696,0.156737391
,274,,13080,1,1,312.3333333,907.3333333,0,0,54,102,135,0.805399253,0.159362857,0.834400288,0.156771942
,275,infeas,10525,0.688251103,0.740494979,209,660.3333333,95,230,38,103,104,0.80497326,0.159228566,0.834058814,0.156588024
,276,infeas,10505,0.812968961,0.909177889,246.6666667,811,54.33333333,81.66666667,37,104,104,0.80500223,0.158939525,0.834330985,0.156368448
,277,infeas,10550,0.702889253,0.766530425,211.6666667,675.6666667,89.33333333,209,38,104,104,0.804633591,0.158769919,0.834086217,0.156138067
,278,infeas,11400,0.444434742,0.397509102,124.6666667,354,159.6666667,533.3333333,70,90,100,0.803337911,0.159948699,0.832515796,0.158040168
,279,,11355,1,0.987156015,294.3333333,876.3333333,0,12,45,90,118,0.804042793,0.160094293,0.833070062,0.158027094
,280,infeas,11175,0.440887457,0.391545735,127.3333333,340.6666667,160.6666667,549.6666667,65,90,100,0.80274581,0.161274066,0.83149319,0.159935245
,281,infeas,11130,0.447158582,0.413720483,136,354,168.6666667,499.3333333,64,90,100,0.801480375,0.162377359,0.830006454,0.161582937
,282,infeas,10815,0.668877798,0.594364189,193,527,95,357.3333333,57,90,100,0.801010153,0.162280401,0.829170843,0.161904404
,283,infeas,10635,0.660312742,0.597961459,194.6666667,509.6666667,94.66666667,355.6666667,53,90,100,0.800512989,0.162208175,0.828353849,0.162200428
,284,infeas,10095,0.668690162,0.671972805,200,565.3333333,97,292,41,90,100,0.800048824,0.162110166,0.827803211,0.162179294
,285,infeas,10555,0.788074474,0.895667894,244.6666667,788.3333333,66.66666667,92.66666667,39,100,105,0.800006809,0.161826064,0.828041333,0.161943417
,286,infeas,10795,0.798228162,0.874038615,238,785.6666667,62,115.3333333,37,106,108,0.80000059,0.161541943,0.828202163,0.161681935
,287,infeas,10730,0.806743669,0.929167812,247,824.6666667,60,62.33333333,35,107,108,0.800024085,0.161259771,0.828553959,0.161509026
,288,infeas,10770,0.546159186,0.52861252,162.6666667,469.6666667,133.3333333,412,53,93,101,0.79914261,0.16167214,0.827512496,0.162193262
,289,infeas,10305,0.43032156,0.489828422,128.6666667,424,171.6666667,442.3333333,39,102,100,0.797866412,0.162842908,0.826344039,0.163125354
,290,infeas,10995,0.90027555,0.791186148,278.3333333,711.3333333,31,186.6666667,53,90,106,0.798219547,0.162672123,0.826222805,0.162855972
,291,infeas,10680,0.808362176,0.922074607,246,823.3333333,57,70.33333333,35,105,108,0.798254402,0.162392501,0.826552193,0.162672016
,292,infeas,10600,0.723966625,0.652892144,219,563,83,303.6666667,50,94,100,0.797999991,0.162171516,0.825957466,0.162709955
,293,infeas,10510,0.67595567,0.664577387,204.3333333,562.6666667,97,291.3333333,45,97,101,0.797583458,0.162050514,0.825406681,0.162704484
,294,infeas,10820,0.647086072,0.591349807,193.3333333,533.6666667,107.3333333,365.3333333,53,95,101,0.797071562,0.162011673,0.824610569,0.162999184
,295,infeas,10610,0.899171889,0.937665975,265.6666667,841.6666667,29.66666667,55.66666667,41,101,104,0.797417665,0.161845115,0.824993808,0.162854816
,296,infeas,9915,0.494457378,0.473165355,144.6666667,423,156.3333333,468.3333333,37,90,100,0.79639415,0.16252733,0.823805198,0.163859616
,297,infeas,10545,0.862413449,0.930990827,264.6666667,796.6666667,43.33333333,59,39,102,104,0.796616438,0.162297775,0.824166093,0.163700786
,298,,10730,0.96263951,0.973390967,285,845.6666667,10.66666667,22.66666667,41,101,106,0.797173562,0.162309502,0.824666847,0.163653425
,299,infeas,10775,0.906022318,0.979897113,266.3333333,875.3333333,28,17.66666667,35,104,110,0.797537605,0.162159169,0.825186012,0.163625058
,300,infeas,10625,0.87892171,0.902366126,260,804,35.66666667,86.33333333,40,101,105,0.797808885,0.161955948,0.825443279,0.163411974
,301,infeas,10590,0.628504231,0.678491027,194.3333333,598,113.6666667,287,40,102,104,0.797246411,0.161980017,0.824955066,0.163359131
,302,infeas,10670,0.826838513,0.786747507,238.6666667,709.6666667,52,192,44,98,104,0.797344398,0.161719689,0.824828551,0.163102363
,303,infeas,10550,0.714128084,0.761562739,218.6666667,664,88,207.6666667,41,101,103,0.797069757,0.161522482,0.824619752,0.16287266
,304,infeas,10485,0.443745833,0.444401301,128.3333333,389,164.3333333,480.3333333,45,96,101,0.795907507,0.162524025,0.823369034,0.164059441
,305,infeas,10420,0.898932383,0.897118047,263,776,29.33333333,89.33333333,43,97,101,0.796245294,0.162363699,0.823610834,0.163843812
,306,infeas,10515,0.597414913,0.581969014,164.6666667,515,116.3333333,365.6666667,47,96,100,0.795595521,0.162495331,0.822821155,0.164157237
,307,infeas,10530,0.627566731,0.624975256,191,550.6666667,115.3333333,334.3333333,43,99,102,0.795048196,0.162512797,0.822176706,0.164277315
,308,infeas,10765,0.896067435,0.918093019,280.3333333,796.6666667,32,71,38,103,108,0.795376181,0.162349975,0.822488122,0.16410058
,309,infeas,10545,0.709017918,0.708805475,214.6666667,636.6666667,89.66666667,259.6666667,42,99,103,0.795096704,0.16216064,0.822120217,0.16396156
,310,infeas,10845,0.922192869,0.935986092,277,830.6666667,24,56.33333333,43,102,106,0.795506692,0.16205888,0.822487526,0.163823734
,311,infeas,10350,0.647612729,0.698549836,195.6666667,615.3333333,105.3333333,268.3333333,39,99,102,0.795031148,0.162014477,0.822089013,0.163710207
,312,infeas,10800,0.869089515,0.98459364,259.6666667,861.6666667,39,13.66666667,35,105,110,0.795268515,0.161808124,0.822609861,0.163705513
,313,infeas,10755,0.827846008,0.904060194,258,792.6666667,53.66666667,83.66666667,41,102,106,0.795372596,0.161559102,0.822870086,0.163507781
*,314,,10635,0.975392583,0.977549763,289.6666667,856.3333333,7.333333333,20,40,99,106,0.795945908,0.16162042,0.823362696,0.163479591
,315,infeas,10575,0.175879526,0.227631934,53.33333333,197.3333333,251,671.3333333,44,99,102,0.793977444,0.165101637,0.821471488,0.166634674
,316,infeas,10505,0.695518146,0.667791809,199.3333333,586.6666667,86.66666667,294.3333333,43,98,102,0.793665864,0.16493239,0.820985159,0.166594429
,317,infeas,10470,0.400074533,0.393948276,120.3333333,335.6666667,183.3333333,514,46,96,100,0.792424251,0.166148419,0.81963804,0.16805102
,318,infeas,10605,0.762301111,0.81378039,240,706.6666667,74.33333333,159.6666667,42,99,104,0.792329524,0.165894749,0.81961962,0.167786068
,319,infeas,10760,0.814006404,0.917792182,254.6666667,796,58.66666667,70.66666667,39,101,108,0.792397476,0.165638149,0.819927371,0.167612196
,320,infeas,10555,0.35043818,0.360558258,105.6666667,314.6666667,195.3333333,567.3333333,46,97,101,0.791016354,0.167213606,0.818491842,0.169308055
,321,infeas,10200,0.440256419,0.516154916,131.6666667,462.6666667,168.6666667,430,40,96,100,0.789923643,0.168096082,0.817549983,0.169883482
,322,infeas,10905,0.932675575,0.890859444,277.3333333,795.6666667,20,97.33333333,46,99,106,0.790366972,0.168022478,0.817777652,0.169667852
,323,infeas,10785,0.823058803,0.938298953,247.3333333,839.3333333,53.33333333,55,35,102,111,0.790468186,0.167771232,0.818150783,0.169536866
,324,infeas,10575,0.789041466,0.860612043,236,770,67,127.6666667,40,99,105,0.790463782,0.167511342,0.818281836,0.169290658
,325,infeas,10620,0.837489305,0.888032997,254.6666667,774.3333333,49,98,41,99,105,0.790608476,0.167272977,0.818496455,0.169073481
,326,infeas,10450,0.7494836,0.752739936,220.6666667,640.6666667,72.33333333,209.6666667,45,97,100,0.790482326,0.167030966,0.818294748,0.168852448
,327,infeas,10535,0.492267303,0.461022281,156,408,162.6666667,471.6666667,45,98,101,0.789570353,0.167587967,0.817202171,0.169746986
,328,infeas,10415,0.600089309,0.584118573,179,488.6666667,122.6666667,375.6666667,41,98,102,0.788992667,0.167658278,0.816491551,0.169975165
,329,infeas,10695,0.931468458,0.924746926,272.6666667,814.6666667,20,66.66666667,44,99,104,0.789425725,0.167586692,0.816820594,0.169820769
,330,infeas,10695,0.920922874,0.942707678,276.6666667,798.3333333,24.66666667,50.33333333,40,99,107,0.789824201,0.167488304,0.81720207,0.169704036
,331,infeas,10680,0.754447184,0.808496067,229,716,74,174.3333333,41,99,106,0.789717322,0.167245646,0.817175768,0.169447389
,332,infeas,10370,0.352722416,0.430230403,105.6666667,368.3333333,196,490,40,98,102,0.788401072,0.168706241,0.81601027,0.170518788
,333,infeas,11735,0.885869584,0.996061583,263.3333333,922.3333333,35,3.666666667,35,104,126,0.78869377,0.168536632,0.816550965,0.170547441
,334,infeas,10725,0.882285759,0.877527602,264.3333333,779.3333333,35.33333333,108.3333333,42,99,106,0.788973986,0.168361287,0.81673353,0.170323854
,335,infeas,10460,0.599138561,0.577318604,174,508,118.3333333,381,42,98,102,0.788407313,0.168428712,0.816018858,0.170570986
,336,infeas,10445,0.721157085,0.724228125,216.6666667,644.3333333,83.33333333,244.3333333,43,98,101,0.788207163,0.16821715,0.815745672,0.170389812
,337,infeas,10475,0.755952904,0.77936928,220.6666667,688.6666667,69.66666667,196.6666667,41,98,103,0.788111453,0.16797583,0.81563773,0.170147606
,338,infeas,10595,0.652915149,0.678054878,202.3333333,587.6666667,111.3333333,284.3333333,45,98,102,0.787711464,0.167887551,0.81523068,0.170059711
,339,infeas,10490,0.494844812,0.522871461,151,465.6666667,153,426,44,98,101,0.786847551,0.168391954,0.814368263,0.170548755
,340,infeas,10520,0.805083515,0.803960245,227.6666667,721.3333333,57.66666667,172.6666667,42,98,103,0.786901186,0.168146313,0.814337651,0.170297958
,341,infeas,10535,0.736961423,0.728127863,215,645.6666667,76,241.6666667,41,98,104,0.786754735,0.167920636,0.814084837,0.170111408
,342,infeas,10700,0.79844369,0.785439913,238,723,61.66666667,195,42,98,106,0.786788913,0.167675428,0.81400108,0.169868857
,343,infeas,10455,0.569661162,0.567205575,176.3333333,504,135,389.6666667,40,99,103,0.786155888,0.167840069,0.813281559,0.17014297
,344,infeas,10965,0.933258199,0.961246573,280.3333333,843,20,34.66666667,35,102,114,0.786583511,0.167782788,0.81371169,0.17008197
,345,infeas,10665,0.599354684,0.602204507,182.6666667,517,119,351.6666667,42,99,105,0.786040818,0.167841703,0.813098626,0.170215896
,346,infeas,10550,0.709712697,0.705117571,217.6666667,624,90.33333333,261.3333333,44,98,102,0.785820217,0.167648504,0.812786542,0.170068131
,347,infeas,10565,0.83995649,0.853725028,247.6666667,735,49.33333333,125,43,98,103,0.785976229,0.167431286,0.81290452,0.16983641
,348,infeas,10395,0.402611204,0.422531013,123.6666667,367.6666667,183.3333333,507,40,99,102,0.784874606,0.168448128,0.811782757,0.170877698
,349,infeas,10790,0.792495065,0.762932458,250,686,68.66666667,209.3333333,44,98,106,0.784896441,0.168206426,0.811642785,0.170652043
,350,infeas,10735,0.850873186,0.9673226,254,872.3333333,44,29.33333333,35,100,111,0.785084946,0.168002288,0.812087585,0.170610438
,351,infeas,10500,0.483534914,0.606291773,153.6666667,534.6666667,160.6666667,346,41,99,103,0.784225829,0.168532469,0.811501272,0.170720288
,352,infeas,10560,0.752012723,0.741573861,219.3333333,678.3333333,74,237.3333333,41,99,104,0.784134314,0.168300982,0.811302614,0.170517662
,353,infeas,11310,0.930843794,0.995350501,282.6666667,910.3333333,20.33333333,4.333333333,35,99,121,0.784549922,0.168243052,0.811823996,0.170556821
,354,infeas,10440,0.632930888,0.702938501,185.6666667,606.3333333,107.3333333,268,41,99,102,0.78412162,0.168197732,0.81151641,0.170413362
,355,infeas,11610,0.881005252,0.97737245,268.3333333,893,36.66666667,21,35,99,126,0.784394531,0.16803869,0.81198361,0.170400018
,356,,14085,0.975502465,0.966432437,297.3333333,848,7.333333333,30,84,129,118,0.784931351,0.16810726,0.812417455,0.170356628
,357,,13905,1,0.981176471,317,873.6666667,0,16,80,93,133,0.785533784,0.168256451,0.81289017,0.170351504
,358,infeas,12105,0.705326602,0.586423611,208.3333333,539,87.66666667,375.3333333,79,90,105,0.785309742,0.168074099,0.812257582,0.170533303
,359,infeas,12250,0.843006745,1,252.6666667,922.6666667,48.66666667,0,36,118,128,0.785470458,0.167866816,0.812780541,0.170582987
,360,infeas,11830,0.875505249,0.898002232,249.3333333,780,37.66666667,91.33333333,51,127,106,0.785720555,0.167700005,0.813017268,0.170404446
,361,,11855,0.985937605,0.999622926,310.6666667,880.3333333,4.333333333,0.333333333,39,92,130,0.786275172,0.167798139,0.813534181,0.170450797
,362,,13925,1,1,322.3333333,884.3333333,0,0,69,116,132,0.786865572,0.167941667,0.81404928,0.170496457
,363,infeas,12560,0.94036009,0.940184392,281.6666667,822.6666667,18,55,70,110,111,0.787288422,0.167902936,0.81439676,0.170389466
,364,,12005,0.998888889,1,304.3333333,880.6666667,0.333333333,0,49,104,120,0.787869742,0.168037916,0.814906659,0.170432478
,365,infeas,12905,0.490240124,0.504619923,149.3333333,451,154,433.3333333,80,125,103,0.787054319,0.16852852,0.814056558,0.170971355
,366,infeas,12375,0.802933434,0.718633341,240.3333333,646.6666667,59.66666667,258,85,90,105,0.787097704,0.168299547,0.813795839,0.170809828
,367,,13555,1,1,306,908.6666667,0,0,65,118,128,0.78767782,0.168436503,0.814303207,0.170853024
,368,infeas,11060,0.921725617,0.938601893,274.3333333,830.6666667,23,54.66666667,45,107,106,0.78804208,0.16835195,0.814640975,0.170743085
,369,infeas,10370,0.832135418,0.881621195,257,793,51.66666667,106.6666667,35,95,107,0.788161574,0.168138724,0.814822493,0.170546588
,370,infeas,10305,0.764692171,0.745863045,238.3333333,673.6666667,71.66666667,229.6666667,35,90,108,0.788098143,0.167915172,0.814636117,0.170353065
,371,,12485,0.9764841,0.973826656,287.6666667,846,7,22.66666667,74,119,103,0.788605922,0.167973091,0.815065202,0.17032334
,372,infeas,10335,0.675443141,0.778253991,203.6666667,699,96,201,35,96,106,0.788301721,0.167849136,0.814966247,0.170104346
,373,infeas,10920,0.728669605,0.76007344,225.6666667,666.6666667,85.66666667,211,43,105,106,0.788141849,0.167651815,0.814819081,0.169899333
,374,infeas,10835,0.841088425,0.8090799,266.3333333,695,50,164.6666667,45,98,106,0.788283418,0.167449313,0.814803736,0.169671693
,375,infeas,12680,0.55135739,0.526255821,165.3333333,473,137.6666667,433.3333333,75,125,103,0.787651615,0.167672275,0.814034275,0.170098604
,376,,13000,0.965069954,0.968129459,277,881.6666667,10.33333333,30,68,124,114,0.788123472,0.167698352,0.814444102,0.170057436
,377,infeas,12580,0.738953559,0.722561126,224,649,79,242.6666667,80,112,103,0.787993048,0.167494345,0.814200381,0.169897062
,378,infeas,11760,0.787935092,0.817011365,237.3333333,745.6666667,63.66666667,172.3333333,45,123,111,0.787992895,0.167272057,0.814207817,0.169671646
,379,infeas,11980,0.826243792,0.804884533,256.3333333,727,54.66666667,176,56,124,106,0.788093821,0.167062205,0.814183217,0.169447741
,380,,12075,0.961900831,0.998252841,289.3333333,918,11.66666667,1.666666667,39,108,127,0.788551208,0.167079732,0.814667611,0.169487287
,381,infeas,11965,0.92385874,0.89708757,279,774,22.66666667,91.33333333,57,112,110,0.788906345,0.167003675,0.814883937,0.16931679
,382,infeas,12680,0.678741777,0.669770601,198,583.6666667,94.66666667,290,79,113,105,0.788617957,0.166879582,0.814504059,0.169257367
,383,,12550,0.959610437,0.997421731,304,898.6666667,12.66666667,2.333333333,36,130,128,0.789064412,0.166889883,0.814981651,0.16929389
,384,infeas,10590,0.834212067,0.893731952,258.6666667,803,52.33333333,96.33333333,39,99,106,0.789181984,0.166687792,0.815186729,0.169120489
,385,infeas,10795,0.86373835,0.870749932,268.6666667,775.3333333,42.66666667,114,43,100,106,0.789375637,0.166513968,0.81533105,0.168923874
,386,infeas,10360,0.665788909,0.834611128,202.3333333,732.6666667,103.3333333,144.6666667,35,97,106,0.789055464,0.166416504,0.815380998,0.168707203
,387,infeas,10560,0.909454632,0.94358246,269.3333333,814.6666667,26.33333333,49.66666667,40,96,106,0.789366573,0.166313447,0.815712268,0.168614512
,388,infeas,10410,0.733088227,0.84222676,224,750.3333333,81.33333333,141.6666667,35,99,106,0.789221526,0.166123004,0.815780604,0.168401903
,389,infeas,13335,0.912199164,0.911171221,272,837.6666667,25.66666667,83.66666667,85,126,106,0.789537664,0.166025915,0.816025824,0.168254277
,390,infeas,10540,0.814398614,0.819683642,234.6666667,723.6666667,53.33333333,161,39,97,106,0.78960141,0.165817156,0.816035203,0.168037975
,391,infeas,10310,0.613410262,0.678672476,181,612.3333333,117.6666667,287.3333333,35,95,106,0.789150793,0.165843972,0.815683892,0.167966116
,392,infeas,10700,0.650863018,0.694966339,177,624.3333333,97.66666667,280.6666667,40,104,105,0.788798018,0.165778962,0.815375939,0.167861957
,393,infeas,10940,0.815924265,0.836579135,238.3333333,751.3333333,57,145,41,107,107,0.788867042,0.165573028,0.815429891,0.167651122
,394,infeas,10565,0.718729051,0.773383022,218.6666667,682.3333333,83.33333333,201.6666667,36,101,107,0.788689026,0.165399989,0.815323173,0.167451089
,395,infeas,10910,0.474417321,0.479746883,150.6666667,425,170,468,45,101,106,0.787893402,0.165945064,0.814473613,0.168088644
,396,,13305,1,0.99769495,297,877.3333333,0,2,79,90,125,0.788429025,0.166077264,0.814936293,0.168128036
,397,infeas,12670,0.900406599,0.986281053,273.3333333,845.3333333,30.33333333,12.33333333,36,118,135,0.788711084,0.16596262,0.815367892,0.168135681
,398,infeas,10655,0.758080982,0.829893129,224,736,73,150,41,98,106,0.788634124,0.165760578,0.815404388,0.167925368
,399,infeas,10610,0.723990388,0.885851871,220.6666667,781.6666667,84.33333333,101,37,101,107,0.788472109,0.165583833,0.815580948,0.167751352
,400,infeas,10980,0.635319315,0.523292625,184,458,115,416,58,90,102,0.788089227,0.165553401,0.814850227,0.168177197
,,,,,,,,,,,,,,,,
*,314,infeas,10635,0.875880397,0.892617441,261.8461538,787.4615385,36.53846154,95.53846154,40,99,106,,,,
*,234,infeas,10665,0.886008033,0.918843068,261.5384615,817.9230769,34.84615385,72.69230769,39,102,106,,,,
,298,infeas,10730,0.884499751,0.919418373,262.5384615,813.5384615,34.15384615,72.38461538,41,101,106,,,,
*,194,infeas,10790,0.946808854,0.964324622,277.8461538,850.1538462,15.53846154,31.84615385,40,98,109,,,,
,187,infeas,10805,0.878633782,0.904436167,253.6153846,803.2307692,35.84615385,84.76923077,40,101,108,,,,
*,143,infeas,10995,0.949665382,0.97218233,283.1538462,862,14.92307692,25.07692308,40,99,112,,,,
*,225,,11025,0.964294328,0.963937202,277.3076923,866.6923077,10.61538462,33.30769231,43,90,114,,,,
,85,infeas,11045,0.946534687,0.976417345,280.6923077,867.7692308,16.15384615,21.15384615,40,101,112,,,,
,171,infeas,11055,0.947251724,0.951855918,281.7692308,833.3076923,16.07692308,42.76923077,41,90,116,,,,
,100,infeas,11065,0.947364745,0.95212506,278.6153846,868.6923077,15.53846154,43.30769231,41,100,112,,,,
